top_k,final_cap,entities,raw_recall,candidate_recall,name_only_recall,address_only_recall,avg_raw_candidates,median_raw_candidates,max_raw_candidates,avg_final_candidates,median_final_candidates,max_final_candidates,candidate_reduction_ratio,runtime_seconds
20,10,2167,0.8862823061630218,0.7745526838966202,0.5138502319416832,0.7732273028495692,81.5057683433318,83.0,150,9.998615597600368,10.0,10,0.9999990311624591,67.4
20,20,2167,0.8862823061630218,0.8510271703114646,0.5138502319416832,0.7732273028495692,81.5057683433318,83.0,150,19.988924780802954,20.0,20,0.9999980631297862,67.4
20,30,2167,0.8862823061630218,0.8823061630218688,0.5138502319416832,0.7732273028495692,81.5057683433318,83.0,150,29.910936778957083,30.0,30,0.9999971017149172,67.4
20,40,2167,0.8862823061630218,0.8848243870112658,0.5138502319416832,0.7732273028495692,81.5057683433318,83.0,150,39.72219658514075,40.0,40,0.999996151031622,67.4
20,50,2167,0.8862823061630218,0.8856196156394963,0.5138502319416832,0.7732273028495692,81.5057683433318,83.0,150,49.17628057221966,50.0,50,0.9999952349576523,67.4
20,75,2167,0.8862823061630218,0.8860172299536117,0.5138502319416832,0.7732273028495692,81.5057683433318,83.0,150,69.46285186894323,75.0,75,0.9999932692463339,67.4
20,100,2167,0.8862823061630218,0.8862823061630218,0.5138502319416832,0.7732273028495692,81.5057683433318,83.0,150,79.49377018920165,83.0,100,0.9999922972787506,67.4
50,10,2167,0.9113320079522863,0.7442014579191517,0.5817097415506959,0.7966865473823724,180.7928011075219,184.0,339,9.998615597600368,10.0,10,0.9999990311624591,84.6
50,20,2167,0.9113320079522863,0.8123260437375746,0.5817097415506959,0.7966865473823724,180.7928011075219,184.0,339,19.988924780802954,20.0,20,0.9999980631297862,84.6
50,30,2167,0.9113320079522863,0.8646785950960901,0.5817097415506959,0.7966865473823724,180.7928011075219,184.0,339,29.966312874942318,30.0,30,0.9999970963491303,84.6
50,40,2167,0.9113320079522863,0.8792577866136514,0.5817097415506959,0.7966865473823724,180.7928011075219,184.0,339,39.92570373788648,40.0,40,0.9999961313123551,84.6
50,50,2167,0.9113320079522863,0.8844267726971504,0.5817097415506959,0.7966865473823724,180.7928011075219,184.0,339,49.869866174434705,50.0,50,0.9999951677511714,84.6
50,75,2167,0.9113320079522863,0.9096090125911199,0.5817097415506959,0.7966865473823724,180.7928011075219,184.0,339,74.35763728657129,75.0,75,0.9999927949554862,84.6
50,100,2167,0.9113320079522863,0.9102717031146454,0.5817097415506959,0.7966865473823724,180.7928011075219,184.0,339,98.29533917858791,100.0,100,0.9999904754599511,84.6
