experiment,candidate_strategy,top_k_name,top_k_address,final_candidates_per_entity,candidate_recall,feature_set,model,model_params,runtime,macro_f0_5,precision,recall,singleton_accuracy,singletons,predicted_links,false_positives,false_negatives,threshold
lgbm_deeper,FTS5 rare-token name+address,50,50,75,0.9019658898580912,lgbm_deeper,LightGBM,"{""n_estimators"": 350, ""learning_rate"": 0.04, ""num_leaves"": 63, ""min_child_samples"": 100, ""colsample_bytree"": 0.85, ""subsample"": 0.85, ""reg_lambda"": 2, ""verbosity"": -1, ""random_state"": 42, ""n_jobs"": 4}",6.6,0.894231804924092,0.967516319552378,0.8104413487827106,0.8787878787878788,99,6434,209,1456,0.537
without_retrieval_flags,FTS5 rare-token name+address,50,50,75,0.9019658898580912,without_retrieval_flags,LightGBM,"{""n_estimators"": 220, ""learning_rate"": 0.06, ""num_leaves"": 31, ""min_child_samples"": 70, ""colsample_bytree"": 0.85, ""subsample"": 0.85, ""reg_lambda"": 2, ""verbosity"": -1, ""random_state"": 42, ""n_jobs"": 4}",4.0,0.8933690661047421,0.9746128053648412,0.7946881916417133,0.9393939393939394,99,6263,159,1577,0.633
lgbm_small,FTS5 rare-token name+address,50,50,75,0.9019658898580912,full,lgbm_small,"{'boosting_type': 'gbdt', 'class_weight': None, 'colsample_bytree': 0.85, 'importance_type': 'split', 'learning_rate': 0.06, 'max_depth': -1, 'min_child_samples': 70, 'min_child_weight': 0.001, 'min_split_gain': 0.0, 'n_estimators': 220, 'n_jobs': 4, 'num_leaves': 31, 'objective': None, 'random_state': 42, 'reg_alpha': 0.0, 'reg_lambda': 2, 'subsample': 0.85, 'subsample_for_bin': 200000, 'subsample_freq': 0, 'verbosity': -1}",3.9,0.8912983605146851,0.9731447640235182,0.7972920192683245,0.9191919191919192,99,6293,169,1557,0.609
lgbm_shallow,FTS5 rare-token name+address,50,50,75,0.9019658898580912,lgbm_shallow,LightGBM,"{""n_estimators"": 450, ""learning_rate"": 0.04, ""num_leaves"": 15, ""min_child_samples"": 100, ""colsample_bytree"": 0.85, ""subsample"": 0.85, ""reg_lambda"": 2, ""verbosity"": -1, ""random_state"": 42, ""n_jobs"": 4}",6.2,0.8906084856789274,0.969352290679305,0.7988543158442911,0.898989898989899,99,6330,194,1545,0.558
mixed_negatives_10to1,FTS5 rare-token name+address,50,50,75,0.9019658898580912,mixed_negatives_10to1,LightGBM,"{""n_estimators"": 220, ""learning_rate"": 0.06, ""num_leaves"": 31, ""min_child_samples"": 70, ""colsample_bytree"": 0.85, ""subsample"": 0.85, ""reg_lambda"": 2, ""verbosity"": -1, ""random_state"": 42, ""n_jobs"": 4}",2.6,0.8904412539631354,0.969358442387488,0.7907824502017966,0.9494949494949496,99,6266,192,1607,0.6819999999999999
lgbm_regularized,FTS5 rare-token name+address,50,50,75,0.9019658898580912,full,lgbm_regularized,"{'boosting_type': 'gbdt', 'class_weight': None, 'colsample_bytree': 0.8, 'importance_type': 'split', 'learning_rate': 0.04, 'max_depth': -1, 'min_child_samples': 150, 'min_child_weight': 0.001, 'min_split_gain': 0.0, 'n_estimators': 350, 'n_jobs': 4, 'num_leaves': 15, 'objective': None, 'random_state': 42, 'reg_alpha': 0.0, 'reg_lambda': 5, 'subsample': 0.8, 'subsample_for_bin': 200000, 'subsample_freq': 0, 'verbosity': -1}",6.4,0.8902639684511509,0.969720989220038,0.7963806795990106,0.898989898989899,99,6308,191,1564,0.559
lgbm_small,FTS5 rare-token name+address,50,50,50,0.8786616325999219,full,lgbm_small,"{'boosting_type': 'gbdt', 'class_weight': None, 'colsample_bytree': 0.85, 'importance_type': 'split', 'learning_rate': 0.06, 'max_depth': -1, 'min_child_samples': 70, 'min_child_weight': 0.001, 'min_split_gain': 0.0, 'n_estimators': 220, 'n_jobs': 4, 'num_leaves': 31, 'objective': None, 'random_state': 42, 'reg_alpha': 0.0, 'reg_lambda': 2, 'subsample': 0.85, 'subsample_for_bin': 200000, 'subsample_freq': 0, 'verbosity': -1}",2.9,0.8836497056400593,0.9773622047244096,0.7756802499674521,0.9393939393939394,99,6096,138,1723,0.645
lgbm_regularized,FTS5 rare-token name+address,50,50,50,0.8786616325999219,full,lgbm_regularized,"{'boosting_type': 'gbdt', 'class_weight': None, 'colsample_bytree': 0.8, 'importance_type': 'split', 'learning_rate': 0.04, 'max_depth': -1, 'min_child_samples': 150, 'min_child_weight': 0.001, 'min_split_gain': 0.0, 'n_estimators': 350, 'n_jobs': 4, 'num_leaves': 15, 'objective': None, 'random_state': 42, 'reg_alpha': 0.0, 'reg_lambda': 5, 'subsample': 0.8, 'subsample_for_bin': 200000, 'subsample_freq': 0, 'verbosity': -1}",3.5,0.8811599052086827,0.9710992044163014,0.778674651738055,0.9191919191919192,99,6159,178,1700,0.575
without_numeric_address,FTS5 rare-token name+address,50,50,75,0.9019658898580912,without_numeric_address,LightGBM,"{""n_estimators"": 220, ""learning_rate"": 0.06, ""num_leaves"": 31, ""min_child_samples"": 70, ""colsample_bytree"": 0.85, ""subsample"": 0.85, ""reg_lambda"": 2, ""verbosity"": -1, ""random_state"": 42, ""n_jobs"": 4}",3.8,0.8657778847396557,0.9426701978501324,0.7877880484311939,0.7878787878787878,99,6419,368,1630,0.5640000000000001
logistic,FTS5 rare-token name+address,50,50,50,0.8786616325999219,full,logistic,"{'memory': None, 'steps': [('standardscaler', StandardScaler()), ('logisticregression', LogisticRegression(class_weight='balanced', max_iter=300, random_state=42))], 'transform_input': None, 'verbose': False, 'standardscaler': StandardScaler(), 'logisticregression': LogisticRegression(class_weight='balanced', max_iter=300, random_state=42), 'standardscaler__copy': True, 'standardscaler__with_mean': True, 'standardscaler__with_std': True, 'logisticregression__C': 1.0, 'logisticregression__class_weight': 'balanced', 'logisticregression__dual': False, 'logisticregression__fit_intercept': True, 'logisticregression__intercept_scaling': 1, 'logisticregression__l1_ratio': 0.0, 'logisticregression__max_iter': 300, 'logisticregression__n_jobs': None, 'logisticregression__penalty': 'deprecated', 'logisticregression__random_state': 42, 'logisticregression__solver': 'lbfgs', 'logisticregression__tol': 0.0001, 'logisticregression__verbose': 0, 'logisticregression__warm_start': False}",1.8,0.8021684221990568,0.9193409987986956,0.697435229787788,0.7676767676767676,99,5827,470,2324,0.966
logistic,FTS5 rare-token name+address,50,50,75,0.9019658898580912,full,logistic,"{'memory': None, 'steps': [('standardscaler', StandardScaler()), ('logisticregression', LogisticRegression(class_weight='balanced', max_iter=300, random_state=42))], 'transform_input': None, 'verbose': False, 'standardscaler': StandardScaler(), 'logisticregression': LogisticRegression(class_weight='balanced', max_iter=300, random_state=42), 'standardscaler__copy': True, 'standardscaler__with_mean': True, 'standardscaler__with_std': True, 'logisticregression__C': 1.0, 'logisticregression__class_weight': 'balanced', 'logisticregression__dual': False, 'logisticregression__fit_intercept': True, 'logisticregression__intercept_scaling': 1, 'logisticregression__l1_ratio': 0.0, 'logisticregression__max_iter': 300, 'logisticregression__n_jobs': None, 'logisticregression__penalty': 'deprecated', 'logisticregression__random_state': 42, 'logisticregression__solver': 'lbfgs', 'logisticregression__tol': 0.0001, 'logisticregression__verbose': 0, 'logisticregression__warm_start': False}",2.6,0.8013855634304854,0.8984425697598962,0.7209998698086186,0.696969696969697,99,6164,626,2143,0.974
without_name,FTS5 rare-token name+address,50,50,75,0.9019658898580912,without_name,LightGBM,"{""n_estimators"": 220, ""learning_rate"": 0.06, ""num_leaves"": 31, ""min_child_samples"": 70, ""colsample_bytree"": 0.85, ""subsample"": 0.85, ""reg_lambda"": 2, ""verbosity"": -1, ""random_state"": 42, ""n_jobs"": 4}",2.7,0.7558770744691563,0.7324753559693319,0.6965238901184742,0.7373737373737373,99,7304,1954,2331,0.435
weighted_similarity,FTS5 rare-token name+address,50,50,75,0.9019658898580912,weighted name/address,weighted_similarity,{},0.1,0.6580276116281081,0.7870072745728303,0.6056503059497461,0.303030303030303,99,5911,1259,3029,0.773
weighted_similarity,FTS5 rare-token name+address,50,50,50,0.8786616325999219,weighted name/address,weighted_similarity,{},0.1,0.6534337759724393,0.7856529946799382,0.596016143731285,0.303030303030303,99,5827,1249,3103,0.773
without_address,FTS5 rare-token name+address,50,50,75,0.9019658898580912,without_address,LightGBM,"{""n_estimators"": 220, ""learning_rate"": 0.06, ""num_leaves"": 31, ""min_child_samples"": 70, ""colsample_bytree"": 0.85, ""subsample"": 0.85, ""reg_lambda"": 2, ""verbosity"": -1, ""random_state"": 42, ""n_jobs"": 4}",3.0,0.605233372620713,0.5646728016359919,0.5751855227183961,0.5555555555555556,99,7824,3406,3263,0.2749999999999999
hard_negatives_5to1,FTS5 rare-token name+address,50,50,75,0.9019658898580912,hard_negatives_5to1,LightGBM,"{""n_estimators"": 220, ""learning_rate"": 0.06, ""num_leaves"": 31, ""min_child_samples"": 70, ""colsample_bytree"": 0.85, ""subsample"": 0.85, ""reg_lambda"": 2, ""verbosity"": -1, ""random_state"": 42, ""n_jobs"": 4}",1.6,0.419502450440922,0.4637350085665334,0.3171462049212342,0.5555555555555556,99,5253,2817,5245,0.99844
