rule,parameter,macro_f0_5,precision,recall,singleton_accuracy,singletons,predicted_links,false_positives,false_negatives,threshold
global,0.537,0.894231804924092,0.967516319552378,0.8104413487827106,0.8787878787878788,99,6434,209,1456,0.537
single_link_margin,0.15,0.894231804924092,0.9676667184828229,0.8104413487827106,0.8787878787878788,99,6433,208,1456,0.537
single_link_margin,0.08,0.894231804924092,0.967516319552378,0.8104413487827106,0.8787878787878788,99,6434,209,1456,0.537
single_link_margin,0.1,0.894231804924092,0.967516319552378,0.8104413487827106,0.8787878787878788,99,6434,209,1456,0.537
single_link_margin,0.05,0.894231804924092,0.967516319552378,0.8104413487827106,0.8787878787878788,99,6434,209,1456,0.537
single_link_margin,0.03,0.894231804924092,0.967516319552378,0.8104413487827106,0.8787878787878788,99,6434,209,1456,0.537
single_link_margin,0.02,0.894231804924092,0.967516319552378,0.8104413487827106,0.8787878787878788,99,6434,209,1456,0.537
single_link_margin,0.01,0.894231804924092,0.967516319552378,0.8104413487827106,0.8787878787878788,99,6434,209,1456,0.537
single_link_min_top,0.65,0.8933185930589393,0.9683849867621865,0.8095300091133967,0.9191919191919192,99,6421,203,1463,0.537
single_link_min_top,0.6,0.8930545317967266,0.967942732648615,0.8097903918760578,0.898989898989899,99,6426,206,1461,0.537
single_link_min_top,0.7,0.8929335037182123,0.9686769518466574,0.8092696263507356,0.9292929292929293,99,6417,201,1465,0.537
single_link_min_top,0.75,0.8916792127227013,0.9688133478871043,0.8088790522067439,0.9292929292929293,99,6413,200,1468,0.537
single_link_min_top,0.8,0.8908870289360629,0.9692475803933812,0.8083582866814217,0.9494949494949495,99,6406,197,1472,0.537
single_link_min_top,0.85,0.8888790630879861,0.9695121951219512,0.8073167556307772,0.9696969696969697,99,6396,195,1480,0.537
single_link_min_top,0.9,0.8858193532353003,0.9697729052466719,0.8061450331988023,0.9797979797979798,99,6385,193,1489,0.537
single_link_min_top,0.95,0.8792040684892392,0.9699921445404556,0.8038015883348523,0.98989898989899,99,6365,191,1507,0.537
